name,gender,dob,email,phone,address
Erin Sawayn,male,1958-07-30,mabel.schulist@example.net,+1 (639) 357-1656,"6982 Michele Garden Apt. 938
Port Eleazarbury, AZ 93199-7346"
Rickie Deckow,male,1954-06-14,johnston.cedrick@example.net,(776) 807-8779 x233,"5013 Ryder Shore Suite 436
South Georgiana, UT 17257-0568"
Jovan Denesik,male,2007-12-20,hunter59@example.com,579-953-9673 x0354,"356 Elizabeth Valley Suite 107
Tierraburgh, NY 05322-8906"
Lillian Upton,female,1932-03-29,test.automation.424@toptal.com,(880) 484-4569,"226 Kirlin Light
East Garnet, WY 22673"
Mark Haley,male,1979-11-24,mckenzie.daren@example.org,1-650-589-4003 x82372,"206 O'Reilly Valley Suite 149
North Elfriedahaven, RI 86992-9394"
Braeden Swaniawski,male,1970-04-23,ned73@example.com,226-669-4898 x53697,"653 Joanie Island Apt. 629
Bruenton, DC 75709-9229"
Karelle Hackett,female,1981-09-10,hills.ansel@example.org,480.994.6256 x2931,"402 Daisy Fort
Pattiemouth, ID 97561-1710"
Turner Stark,male,1933-10-28,erenner@example.org,+1.542.550.7785,"57526 Pfannerstill FieldsLehnerburgh, OR 78899"
Brendon Okuneva,male,1960-12-24,ihermiston@example.org,460-628-9260 x46425,"600 Hayes Island
South Hannahmouth, WV 31020"
Dexter Langosh,male,1940-03-23,norris.koch@example.org,+18652795966,"91200 Koch Flat Apt. 689
North Annamae, CT 71498"
new new,male,1985-08-02,davon90@example.org,+12153514629,"132 Volkman CrescentWest Rupert, ID 41899-5169"
Otha Effertz,female,1932-06-28,wupton@example.org,1-314-560-8992 x3872,"95386 Katlynn Plain Apt. 617
New Elian, HI 73078"
Jayda Torphy,female,1967-10-29,wconnelly@example.com,481-471-7726,"6165 Emmerich Spring
Port Manleybury, NJ 31852"
Elenor Casper,female,1974-01-06,crona.eriberto@example.com,1-482-261-1206 x55791,"4218 Sandrine Brooks
Nikolauston, GA 08020-1570"
Antonio Witting,male,1938-04-03,chance03@example.net,+17242288965,"946 Rick Mountain
Lake Edward, FL 33509-0415"
Kamron Gibson,male,1923-07-26,cassin.arlo@example.org,(780) 520-9445,"7579 Armani Curve Suite 009
New Demarcomouth, RI 29544"
Lenore Nitzsche,female,1970-03-11,swiegand@example.net,(418) 450-3060,"2353 Bartell Common
Lake Brandon, CT 28745-3798"
Geo Cassin,male,2016-09-29,jmonahan@example.net,1-315-458-5730 x977,"73287 Jakubowski Extensions Suite 223
Yostberg, AR 54429-9756"
Monty Ortiz,male,1950-05-03,troy.mcglynn@example.org,(276) 645-7336,"88262 Davonte Inlet Suite 822
Greenholtshire, MD 49082-4269"
Lourdes Vandervort,male,1932-02-27,anissa62@example.net,670-660-2162 x8437,"117 Eric Rapid
New Patsystad, ME 37811-3729"
